id,first_name,last_name,email,username,password
1,Arabele,Arminger,aarminger0@wikipedia.org,aarminger0,rQ0SpI51Lzm
2,Foss,Scatchard,fscatchard1@reuters.com,fscatchard1,3TUi6g
3,Sidney,Veel,sveel2@rambler.ru,sveel2,oJhUWgT
4,Jocelin,Bransden,jbransden3@tripadvisor.com,jbransden3,2PKnXJ7KK8z
5,Keary,Wallsam,kwallsam4@forbes.com,kwallsam4,azRfzB
6,Donn,Kittle,dkittle5@about.com,dkittle5,XjQ3egnFxgDM
7,Ryan,Belcham,rbelcham6@smugmug.com,rbelcham6,od2o17P
8,Fayina,Marsland,fmarsland7@spiegel.de,fmarsland7,PC23yPGM
9,Amalia,Baudry,abaudry8@scientificamerican.com,abaudry8,HujLUAVs
10,Henrieta,Tracy,htracy9@epa.gov,htracy9,rlDuFXew8zdM
11,Nan,Digman,ndigmana@feedburner.com,ndigmana,pglrJqjM2uN
12,Korella,Hanbridge,khanbridgeb@etsy.com,khanbridgeb,FEe5kq
13,Veronique,Casterton,vcastertonc@eventbrite.com,vcastertonc,jGxXZNGb
14,Rivi,Plain,rplaind@slate.com,rplaind,6yLWJ1oAVBok
15,Merna,Woollends,mwoollendse@macromedia.com,mwoollendse,qtrBbj
16,Thaxter,Heardman,theardmanf@thetimes.co.uk,theardmanf,q8IbkXou1
17,Mirabelle,Weddeburn - Scrimgeour,mweddeburnscrimgeourg@amazon.co.jp,mweddeburnscrimgeourg,QLBZt4
18,Rodrick,Lisett,rlisetth@cocolog-nifty.com,rlisetth,tVVReVM1Pz
19,Damita,Beekman,dbeekmani@amazon.co.jp,dbeekmani,XL5WZ7SY
20,Susanna,Drabble,sdrabblej@ca.gov,sdrabblej,ETRGXuWOLC
21,Peder,McNab,pmcnabk@mac.com,pmcnabk,VnHg9RWcdkfp
22,Sherman,Randalson,srandalsonl@tinypic.com,srandalsonl,PwkbIc
23,Ignacius,Sichardt,isichardtm@ihg.com,isichardtm,Z0ms1IhP
24,Stephen,Kench,skenchn@fc2.com,skenchn,hD7i9oaaPL
25,Tammy,Wille,twilleo@dot.gov,twilleo,S3ejlSEIN
26,Sergei,Spirit,sspiritp@answers.com,sspiritp,4qTpgfp
27,Franciska,Daykin,fdaykinq@nhs.uk,fdaykinq,DFbyCreIZ1is
28,Karim,Thurbon,kthurbonr@huffingtonpost.com,kthurbonr,n1XJVCIe
29,Andres,Linnard,alinnards@ucsd.edu,alinnards,jB8tUCos4
30,Dominga,Hollyard,dhollyardt@miitbeian.gov.cn,dhollyardt,qGOBN6AF
31,Starlin,Luno,slunou@cocolog-nifty.com,slunou,H5hZ1rjnz
32,Cammie,Jenkins,cjenkinsv@dmoz.org,cjenkinsv,8m5zxMvDQ
33,Brett,Duncan,bduncanw@g.co,bduncanw,GEoFbmjZ
34,Beryl,Kolodziej,bkolodziejx@reverbnation.com,bkolodziejx,FmENtAKyu
35,Yetta,Loeber,yloebery@blogspot.com,yloebery,qJDMGFYO2W7
36,Monika,McIlvenna,mmcilvennaz@tinyurl.com,mmcilvennaz,ZFPLpwAHK
37,Melanie,Wildbore,mwildbore10@comcast.net,mwildbore10,H7SaSaK
38,Liane,Shoulder,lshoulder11@opera.com,lshoulder11,AdfgwnV6sWsv
39,Ulrica,Hehnke,uhehnke12@delicious.com,uhehnke12,4AWtO29m
40,Bobbye,O'Dowd,bodowd13@etsy.com,bodowd13,y8BCpPIsee
41,Bartlet,Vecard,bvecard14@scribd.com,bvecard14,Zbk7DT7S3co
42,Renard,Quirk,rquirk15@quantcast.com,rquirk15,nxPa6LfWB
43,Reagan,Dagnall,rdagnall16@google.com.hk,rdagnall16,eDG9u08Rkk
44,Feodora,Whetnall,fwhetnall17@google.es,fwhetnall17,anUgyPHh2iQa
45,Ky,Garrattley,kgarrattley18@nymag.com,kgarrattley18,BQkxBbFjfMDU
46,Idalina,Pinchon,ipinchon19@bizjournals.com,ipinchon19,oqyxybs4PH
47,Mikaela,Tew,mtew1a@sun.com,mtew1a,oNba4yOHLtr
48,Garvey,Huzzay,ghuzzay1b@prweb.com,ghuzzay1b,huCUTXB
49,Lauren,Sevin,lsevin1c@nasa.gov,lsevin1c,awQ5wZ3hkWQS
50,Beltran,Dutch,bdutch1d@bloomberg.com,bdutch1d,FzJvM97Q
51,Kristoffer,Fairbrother,kfairbrother1e@cpanel.net,kfairbrother1e,gmICEzbHTR
52,Renae,Tonkes,rtonkes1f@wordpress.org,rtonkes1f,3k8duiOw
53,Brear,Foro,bforo1g@last.fm,bforo1g,ybJnfHLHdC4A
54,Leticia,Rochell,lrochell1h@webmd.com,lrochell1h,snAlkOQOocgp
55,Boniface,Papaccio,bpapaccio1i@networksolutions.com,bpapaccio1i,95dhKImmD
56,Misty,O'Lahy,molahy1j@gov.uk,molahy1j,PyL2hwttAF0I
57,Denna,Clousley,dclousley1k@xing.com,dclousley1k,YwGBG9FUk
58,Raynor,Hellwing,rhellwing1l@woothemes.com,rhellwing1l,bkqSUA9P
59,Rhodia,Primak,rprimak1m@quantcast.com,rprimak1m,IWyS3HliqVOk
60,Gottfried,Calderon,gcalderon1n@hc360.com,gcalderon1n,sqHHTbsNFSPs
61,Harmony,Caulfield,hcaulfield1o@japanpost.jp,hcaulfield1o,cyo2JVbPLo
62,Pate,Gunda,pgunda1p@com.com,pgunda1p,aQTp5nhHpsm
63,Virgie,Deaville,vdeaville1q@youku.com,vdeaville1q,AAs4RI4j
64,Hyacinth,Marchent,hmarchent1r@google.fr,hmarchent1r,skN8uAn
65,Eydie,Aires,eaires1s@bloglines.com,eaires1s,TtLltu3c
66,Birk,Seys,bseys1t@usnews.com,bseys1t,OPlfZuh
67,Carmelina,Jensen,cjensen1u@alibaba.com,cjensen1u,1CipHRGBm
68,Gasparo,Brocklesby,gbrocklesby1v@google.com.au,gbrocklesby1v,3szZ4VVe
69,Bobbi,Lowdham,blowdham1w@163.com,blowdham1w,ZeButBRT9gTH
70,Levy,Knellen,lknellen1x@google.fr,lknellen1x,LbZ9lcj0
71,Claresta,Emeny,cemeny1y@rakuten.co.jp,cemeny1y,ayf3xIvtOT1
72,Steffen,Pitford,spitford1z@so-net.ne.jp,spitford1z,txtAjse8Z
73,Bryna,Philippard,bphilippard20@reference.com,bphilippard20,XcOyWXMp
74,Merrick,Bottomore,mbottomore21@disqus.com,mbottomore21,tvhwbu4J2vB
75,Giuseppe,Torbet,gtorbet22@com.com,gtorbet22,lducP6IXlyax
76,Mitchell,Rosina,mrosina23@europa.eu,mrosina23,Ti1SphzVLLK
77,Lyndel,Ridgers,lridgers24@smh.com.au,lridgers24,uyLc9f2CW
78,Franky,Buglass,fbuglass25@sphinn.com,fbuglass25,P8sTgiyEnPdQ
79,Margaretta,Booton,mbooton26@un.org,mbooton26,r6khVQltDacw
80,Antonio,Rowbottam,arowbottam27@cloudflare.com,arowbottam27,SgoUM7RZU
81,Kizzee,Lorenzo,klorenzo28@comsenz.com,klorenzo28,b28lXV
82,Shana,Jerzyk,sjerzyk29@cdc.gov,sjerzyk29,H5PBKTxj
83,Jessee,Burnitt,jburnitt2a@example.com,jburnitt2a,ZZ6vvVtSl
84,Justus,Linford,jlinford2b@salon.com,jlinford2b,NBkrB29OqZjz
85,Gunter,Hartus,ghartus2c@bigcartel.com,ghartus2c,KcqjUk
86,Kristal,Balle,kballe2d@studiopress.com,kballe2d,QzHwqwQcjr
87,Leela,Livesley,llivesley2e@aboutads.info,llivesley2e,4cp9v8PQdfjS
88,James,Stenning,jstenning2f@fastcompany.com,jstenning2f,quZ3kDy
89,Jodi,Petrasek,jpetrasek2g@unc.edu,jpetrasek2g,sD2kxv8WJTv
90,Gabi,Absolem,gabsolem2h@pinterest.com,gabsolem2h,GeQy8RuU7
91,Maryl,Noakes,mnoakes2i@hatena.ne.jp,mnoakes2i,7CCqBL86
92,Jolee,Brunicke,jbrunicke2j@pbs.org,jbrunicke2j,lUwMzvlVxOc
93,Ole,Goodanew,ogoodanew2k@buzzfeed.com,ogoodanew2k,zSPEqwhTN
94,Artemus,Dranfield,adranfield2l@spiegel.de,adranfield2l,TSlG98Bf6z
95,Clarinda,Stickells,cstickells2m@blogs.com,cstickells2m,5yG9X5
96,Codi,Thain,cthain2n@google.pl,cthain2n,zwhkd1nl
97,Marybelle,Twede,mtwede2o@newsvine.com,mtwede2o,6kjwOgof
98,Dania,Cawood,dcawood2p@apache.org,dcawood2p,IMxUm5RFy
99,Holly,Humphries,hhumphries2q@51.la,hhumphries2q,DBQmvv1vaCOv
100,Gannon,Cheley,gcheley2r@goodreads.com,gcheley2r,dDXidDRj
101,Tamarra,Merigeau,tmerigeau2s@blinklist.com,tmerigeau2s,4dse7jMwIjAD
102,Ruperto,Galpin,rgalpin2t@admin.ch,rgalpin2t,BDv1UX
103,Tiena,Whiteway,twhiteway2u@rakuten.co.jp,twhiteway2u,iggwxiWra
104,Martin,Arlet,marlet2v@sitemeter.com,marlet2v,EHogKke9oy
105,Pippo,Golda,pgolda2w@google.fr,pgolda2w,aK8DfEayq
106,Harmonie,Deverick,hdeverick2x@dailymail.co.uk,hdeverick2x,n46oLYF
107,Andras,Mucci,amucci2y@walmart.com,amucci2y,qEaE1QuR
108,Garold,Beckles,gbeckles2z@walmart.com,gbeckles2z,6ZnIXZwvsQt8
109,Carolin,Peachey,cpeachey30@state.tx.us,cpeachey30,WwMXYeVWDa4
110,Urbano,Whatham,uwhatham31@spiegel.de,uwhatham31,pkVnXppmhq
111,Nadean,Sturley,nsturley32@cnbc.com,nsturley32,kTXYVz
112,Phillip,Idney,pidney33@mtv.com,pidney33,YkRoOS
113,Petrina,Smye,psmye34@1688.com,psmye34,4YRjNwtaEaLK
114,Uriel,Lebbern,ulebbern35@umn.edu,ulebbern35,gyh708cYWOQZ
115,Teddy,Oxberry,toxberry36@pcworld.com,toxberry36,flX557Zlz
116,Devland,Badman,dbadman37@tripod.com,dbadman37,2QHJKw
117,Umberto,Duffield,uduffield38@wix.com,uduffield38,wNDopygO1
118,Corenda,Willard,cwillard39@blogger.com,cwillard39,IlyBeVApUq
119,Donnie,Lyddiard,dlyddiard3a@com.com,dlyddiard3a,CadV9zfjAQ
120,Konstance,Hutchins,khutchins3b@jigsy.com,khutchins3b,LWrmtHb6vUQ
121,Evangelia,Gartery,egartery3c@parallels.com,egartery3c,al2FiNu
122,Farr,Ridulfo,fridulfo3d@soundcloud.com,fridulfo3d,wXEbfsTHsULs
123,Crystie,Tasch,ctasch3e@shinystat.com,ctasch3e,4aJnbxCk
124,Myrtia,Chanders,mchanders3f@prweb.com,mchanders3f,y21PQ1RGid
125,Ava,Ells,aells3g@harvard.edu,aells3g,vSN2otV2a
126,Eolande,Garrique,egarrique3h@123-reg.co.uk,egarrique3h,a3twqKnrBEqW
127,Doreen,Seabourne,dseabourne3i@sun.com,dseabourne3i,BwJ0OVnNu
128,Maxim,Torritti,mtorritti3j@icq.com,mtorritti3j,Nt8a11HhR8E
129,Godiva,Larose,glarose3k@devhub.com,glarose3k,QApbiz2Pj
130,Karisa,Arrington,karrington3l@independent.co.uk,karrington3l,OB7uEU0X85
131,Rees,Kimbell,rkimbell3m@people.com.cn,rkimbell3m,Fs0eX3ZLva
132,Dael,Firmin,dfirmin3n@cbslocal.com,dfirmin3n,XfufojE9IeE
133,Juditha,Lasham,jlasham3o@forbes.com,jlasham3o,cXUqjkBaH0P
134,Beilul,Stanett,bstanett3p@google.ru,bstanett3p,ffmX8n1PL
135,Annnora,Legen,alegen3q@ameblo.jp,alegen3q,Xr2eUArp
136,Seumas,Alvarez,salvarez3r@furl.net,salvarez3r,ItfkoZ
137,Cass,Baversor,cbaversor3s@unicef.org,cbaversor3s,XrOVA5qgNc
138,Finn,Meco,fmeco3t@ucla.edu,fmeco3t,6xEPp0b6
139,Bogart,Armer,barmer3u@hud.gov,barmer3u,MlSipS8V
140,Etti,Rossiter,erossiter3v@mayoclinic.com,erossiter3v,mxmnL5dBO9HF
141,Bartlet,Zavattieri,bzavattieri3w@biblegateway.com,bzavattieri3w,x1Od9ftDnE8
142,Alex,Oddboy,aoddboy3x@4shared.com,aoddboy3x,dha6wfow
143,Cindie,Arnout,carnout3y@angelfire.com,carnout3y,AymLEua6
144,Margy,Coppin,mcoppin3z@goo.gl,mcoppin3z,bbUOnOf7Y9RP
145,Rosco,Cesco,rcesco40@cisco.com,rcesco40,fSSJZtA
146,Danell,Going,dgoing41@amazon.de,dgoing41,UweJP6Wyf
147,Annabella,Jorin,ajorin42@qq.com,ajorin42,9Z0465ac4
148,Jaymee,Skuce,jskuce43@cnn.com,jskuce43,HOYgl6ZJCrIV
149,Shay,Accomb,saccomb44@plala.or.jp,saccomb44,NrxKidcIi
150,Rudolph,Eggins,reggins45@wordpress.org,reggins45,ISJ5YEqQuJx
151,Ermanno,Coulthurst,ecoulthurst46@acquirethisname.com,ecoulthurst46,R86PZ5TxfMQF
152,Theodoric,Landsman,tlandsman47@baidu.com,tlandsman47,Jry01JgI
153,Cirilo,Wittleton,cwittleton48@tamu.edu,cwittleton48,8ZyOJvKL6DPK
154,Cob,Holdall,choldall49@qq.com,choldall49,xgyK4pe3R9qi
155,Danila,Jent,djent4a@edublogs.org,djent4a,2FWpZEbRGM
156,Codie,Stollwerk,cstollwerk4b@answers.com,cstollwerk4b,XXl7QrGy
157,Yolande,Larvor,ylarvor4c@huffingtonpost.com,ylarvor4c,KStJ3e4rD
158,Erika,Eirwin,eeirwin4d@timesonline.co.uk,eeirwin4d,gSddhWtBqr
159,Korie,Boays,kboays4e@about.com,kboays4e,KsDbRd473E
160,Tallulah,Venton,tventon4f@mediafire.com,tventon4f,MaPFcRQ44OlC
161,Mortie,Schultz,mschultz4g@wsj.com,mschultz4g,GIIOPG
162,Sherlock,Adolthine,sadolthine4h@deviantart.com,sadolthine4h,Y15WfrVC4AVl
163,Darby,Atchly,datchly4i@paginegialle.it,datchly4i,wiwaN5rx6
164,Abba,Hymans,ahymans4j@google.ru,ahymans4j,VVihTNwA5c
165,Ryun,Hyndley,rhyndley4k@amazon.co.jp,rhyndley4k,mgDaeHoH
166,Cacilia,Janny,cjanny4l@microsoft.com,cjanny4l,la0wyBS9ydxv
167,Tessie,Havard,thavard4m@cafepress.com,thavard4m,OTM0FbtWdnyU
168,Chad,Thaxter,cthaxter4n@dailymail.co.uk,cthaxter4n,JQ4Dn1
169,Neddie,Greatham,ngreatham4o@ucla.edu,ngreatham4o,yd1enWyN
170,Matthew,Lentsch,mlentsch4p@blogs.com,mlentsch4p,zqWUwFOxw4
171,Raeann,Pogue,rpogue4q@harvard.edu,rpogue4q,q0mVi1
172,Stacy,Acuna,sacuna4r@bloomberg.com,sacuna4r,WgQRQmA1LH
173,Analise,Largent,alargent4s@google.com.hk,alargent4s,x8C7AMrq4Gf
174,Melli,Penwarden,mpenwarden4t@tumblr.com,mpenwarden4t,B9BnRSZmBy
175,Vyky,Delhay,vdelhay4u@intel.com,vdelhay4u,WXRJZCiCO
176,Marlee,Cawsey,mcawsey4v@fda.gov,mcawsey4v,94dj9c
177,Marisa,Yukhnin,myukhnin4w@about.com,myukhnin4w,bIiriw
178,Marney,Baulk,mbaulk4x@marketwatch.com,mbaulk4x,Mtg6Q67h
179,Gustavus,Letertre,gletertre4y@reference.com,gletertre4y,yyKiUUb
180,Leonore,Lillgard,llillgard4z@yelp.com,llillgard4z,FqRRVJ
181,Blanch,Coller,bcoller50@telegraph.co.uk,bcoller50,2H2F7kMDXmX
182,Tammi,Darnbrook,tdarnbrook51@walmart.com,tdarnbrook51,PoDTkq0Tw
183,Irving,Mattocks,imattocks52@cocolog-nifty.com,imattocks52,J5IjTcGs1
184,Valentino,Hartfleet,vhartfleet53@mayoclinic.com,vhartfleet53,Ronsm3PB
185,Elroy,Creigan,ecreigan54@blogs.com,ecreigan54,Xs78tDw
186,Jobi,Gosart,jgosart55@barnesandnoble.com,jgosart55,Ma6QhjqHYH
187,Rollo,Moxstead,rmoxstead56@linkedin.com,rmoxstead56,I6tc9UDTIT
188,Jamesy,Heinreich,jheinreich57@google.com.hk,jheinreich57,DhJXa1d
189,Charlot,Ellice,cellice58@chronoengine.com,cellice58,HkPxSd0VyQw
190,Dynah,Sporrij,dsporrij59@typepad.com,dsporrij59,JcdQaz3PR
191,Latashia,Bewly,lbewly5a@psu.edu,lbewly5a,oRpp1G
192,Bab,Orts,borts5b@usnews.com,borts5b,hIKdJLT4Vm
193,Collin,Deniske,cdeniske5c@trellian.com,cdeniske5c,V9E9ljYq6T
194,Corina,Vearnals,cvearnals5d@google.it,cvearnals5d,nf7F6Cmw08
195,Marga,Sworn,msworn5e@fc2.com,msworn5e,SfAdgRT1p
196,Arthur,Dallmann,adallmann5f@blog.com,adallmann5f,Scntvg
197,Andee,Dafter,adafter5g@printfriendly.com,adafter5g,tnVAT4mXDiRd
198,Adiana,Cardo,acardo5h@unicef.org,acardo5h,SdqEFFOw
199,Nonah,Creaney,ncreaney5i@so-net.ne.jp,ncreaney5i,0zJtHbU
200,Eliza,Stacy,estacy5j@tinyurl.com,estacy5j,3B26HDrm
201,Ransell,Antonat,rantonat5k@blogtalkradio.com,rantonat5k,PkY9FR
202,Izaak,Rosenfelder,irosenfelder5l@quantcast.com,irosenfelder5l,IrHCOo
203,Simon,Bisley,sbisley5m@posterous.com,sbisley5m,s2Do0rh
204,Amelie,Stanlick,astanlick5n@sakura.ne.jp,astanlick5n,4anOecA
205,Dulcie,Duigan,dduigan5o@hugedomains.com,dduigan5o,ODUkGcc2
206,Efren,Birdsall,ebirdsall5p@ifeng.com,ebirdsall5p,NRIVZVyRe0
207,Cammie,Stainfield,cstainfield5q@tinyurl.com,cstainfield5q,YPeXTfW6n
208,Kerwinn,Mardoll,kmardoll5r@devhub.com,kmardoll5r,YItyRsleP
209,Aloin,Hickinbottom,ahickinbottom5s@elpais.com,ahickinbottom5s,mGyVSqL2GI
210,Alleyn,Rushbrooke,arushbrooke5t@apple.com,arushbrooke5t,NyYfp7SUOm4
211,Avrit,Oldall,aoldall5u@engadget.com,aoldall5u,r32zbb
212,Carney,Jakubovicz,cjakubovicz5v@histats.com,cjakubovicz5v,NJubnM
213,Virgie,Du Barry,vdubarry5w@mail.ru,vdubarry5w,iyHPTEiah2xd
214,Lilias,Hanburry,lhanburry5x@miibeian.gov.cn,lhanburry5x,sbZgQl
215,Warner,Ruffle,wruffle5y@networkadvertising.org,wruffle5y,vPmxgFNp
216,Albrecht,Braney,abraney5z@bloglines.com,abraney5z,uGhSQNA1pP
217,Ashia,Andersen,aandersen60@bigcartel.com,aandersen60,cOoSsKh
218,Ker,Critchell,kcritchell61@domainmarket.com,kcritchell61,RXhM0mna
219,Turner,Denziloe,tdenziloe62@marriott.com,tdenziloe62,DE2GPlbVRw
220,Vyky,Jaksic,vjaksic63@twitpic.com,vjaksic63,c5NNfkhTakI
221,Raf,Hefferon,rhefferon64@zimbio.com,rhefferon64,lHZRFq4
222,Ruby,Tattershall,rtattershall65@etsy.com,rtattershall65,hhchXG
223,Gussy,Parmenter,gparmenter66@linkedin.com,gparmenter66,08XJ51aPALN
224,Jelene,Gregan,jgregan67@1688.com,jgregan67,gxbRgBqn9H
225,Marlin,Darnbrook,mdarnbrook68@ucla.edu,mdarnbrook68,DcykcEEq
226,Michael,Brugman,mbrugman69@typepad.com,mbrugman69,jiTI2fC1v
227,Ardelia,Bulter,abulter6a@edublogs.org,abulter6a,eWKaxso
228,Jemmy,Dimitrescu,jdimitrescu6b@furl.net,jdimitrescu6b,y5IEejR2UHh9
229,Roland,Vassbender,rvassbender6c@google.it,rvassbender6c,fQFUfbW7k
230,Raquel,Pitman,rpitman6d@dyndns.org,rpitman6d,ci1sD8RY
231,Lorelei,Gai,lgai6e@livejournal.com,lgai6e,TlYgRX9xWSf
232,Vania,Pristnor,vpristnor6f@ehow.com,vpristnor6f,9m6sIYX
233,Edmund,Kondratenya,ekondratenya6g@symantec.com,ekondratenya6g,Ikut8W2
234,Wilhelm,Trynor,wtrynor6h@csmonitor.com,wtrynor6h,JNPWiu5Enc2
235,Saunders,Winterscale,swinterscale6i@hubpages.com,swinterscale6i,6CAhHsrH
236,Laurie,Rosiello,lrosiello6j@nyu.edu,lrosiello6j,mIdPpEvJas
237,Trixy,Curle,tcurle6k@storify.com,tcurle6k,k2NkJt85
238,Tommie,Songhurst,tsonghurst6l@pbs.org,tsonghurst6l,vKj7Ayl5
239,Lanie,Bettley,lbettley6m@smugmug.com,lbettley6m,5Rj2Yt
240,Maud,Giacopini,mgiacopini6n@stumbleupon.com,mgiacopini6n,7WiR3bmsz
241,Kaspar,Hurrion,khurrion6o@smugmug.com,khurrion6o,7ol8plFMn5B
242,Huey,Pierrepoint,hpierrepoint6p@dion.ne.jp,hpierrepoint6p,ffPz2wf8e
243,Wally,Bernath,wbernath6q@jiathis.com,wbernath6q,mAd2fB
244,Ikey,Liversidge,iliversidge6r@sphinn.com,iliversidge6r,dbRefWALkYFE
245,Martica,Mumbeson,mmumbeson6s@cornell.edu,mmumbeson6s,9p3CdcNCTj
246,Skipton,Rew,srew6t@jiathis.com,srew6t,mzycllYRo
247,Dulciana,Josef,djosef6u@psu.edu,djosef6u,YksoijHc3
248,Stephani,Cavey,scavey6v@simplemachines.org,scavey6v,sT8RJF
249,Kira,Rawlcliffe,krawlcliffe6w@parallels.com,krawlcliffe6w,1Wi7tl
250,Abbie,Swyer,aswyer6x@ning.com,aswyer6x,q0TrTtwFPSig
251,Bryna,Sweet,bsweet6y@seesaa.net,bsweet6y,XDzfEMvM4iD
252,Cointon,Lamers,clamers6z@mysql.com,clamers6z,SftaNW6KG9
253,Galen,O'Dogherty,godogherty70@wikia.com,godogherty70,9P0L7gEx1lX
254,Anallese,Diben,adiben71@nyu.edu,adiben71,LNFRLX3k
255,Gaspar,Prandoni,gprandoni72@a8.net,gprandoni72,b2Q3vlerQ
256,Spike,Saggs,ssaggs73@seattletimes.com,ssaggs73,ON1Rd5E
257,Matilde,La Padula,mlapadula74@virginia.edu,mlapadula74,wQXE8xq
258,Alikee,Dumphry,adumphry75@wp.com,adumphry75,oxO2lKkL
259,Ryon,Furniss,rfurniss76@lulu.com,rfurniss76,EPKRVZvSy3W
260,Feliks,MacCoveney,fmaccoveney77@hao123.com,fmaccoveney77,JQl5yf
261,Albrecht,Roughley,aroughley78@biblegateway.com,aroughley78,BS4Vtr5AT
262,Sig,Basil,sbasil79@amazon.de,sbasil79,5HW2OPjHpT
263,Barthel,Powles,bpowles7a@canalblog.com,bpowles7a,3Ry8PU
264,Beaufort,Ducarne,bducarne7b@ft.com,bducarne7b,KQBHPUvZ7X
265,Balduin,Agron,bagron7c@phoca.cz,bagron7c,YpRDrsxYC6b4
266,Carson,Crippen,ccrippen7d@webmd.com,ccrippen7d,8te7yghPMF
267,Dana,MacBean,dmacbean7e@ustream.tv,dmacbean7e,F4NWo1
268,Ignaz,Jodrellec,ijodrellec7f@jigsy.com,ijodrellec7f,AVmbfsMmt
269,Miller,Joslow,mjoslow7g@360.cn,mjoslow7g,jpOnGmyZ
270,Dorie,Steabler,dsteabler7h@salon.com,dsteabler7h,6pzFGYadNHb
271,Jacob,Mulbery,jmulbery7i@goodreads.com,jmulbery7i,Ok3J2JNf
272,Latisha,Howse,lhowse7j@google.it,lhowse7j,tZHrR67Bj
273,Joyan,De Haven,jdehaven7k@businesswire.com,jdehaven7k,okUnYa
274,Eleonora,Gummer,egummer7l@biglobe.ne.jp,egummer7l,Dvnba4Ri
275,Tobie,Troak,ttroak7m@prlog.org,ttroak7m,KqZA2Y
276,Archibaldo,Skirlin,askirlin7n@studiopress.com,askirlin7n,fjDSSAXyU3ek
277,Gualterio,Wittering,gwittering7o@state.tx.us,gwittering7o,T9Hk67be
278,Deloris,Troutbeck,dtroutbeck7p@gizmodo.com,dtroutbeck7p,d0HCBEQCub6
279,Pammie,Faulkner,pfaulkner7q@geocities.com,pfaulkner7q,mAxRxkp4I7
280,Eberhard,Bottell,ebottell7r@storify.com,ebottell7r,coj1OSUG
281,Sterne,Corre,scorre7s@deliciousdays.com,scorre7s,kx8J0XiG
282,Cobbie,Blick,cblick7t@google.pl,cblick7t,DqqeJi
283,Hebert,Ingram,hingram7u@ucla.edu,hingram7u,oixynI7yjonR
284,Lilian,Batte,lbatte7v@ezinearticles.com,lbatte7v,TNFIMc
285,Ariella,Bolsover,abolsover7w@jugem.jp,abolsover7w,dOByTlLnc
286,Reider,Belson,rbelson7x@stanford.edu,rbelson7x,eKmFPVx
287,Ignacio,Glenton,iglenton7y@altervista.org,iglenton7y,bdR5ivvoM
288,Emlynn,Tumelty,etumelty7z@fastcompany.com,etumelty7z,7PmFHkeY
289,Kahaleel,Threadgold,kthreadgold80@exblog.jp,kthreadgold80,zLSJ5yVS
290,Wilmar,Birmingham,wbirmingham81@bluehost.com,wbirmingham81,4TKrpB3CK
291,Chery,Bunce,cbunce82@wordpress.com,cbunce82,XhLHXjSNeNCg
292,Efren,Dewsbury,edewsbury83@illinois.edu,edewsbury83,ObdwZht
293,Fonzie,Elsdon,felsdon84@sakura.ne.jp,felsdon84,2kcFv0
294,Harrie,Yakubovics,hyakubovics85@scribd.com,hyakubovics85,jERIR6Gim
295,Torey,Dewi,tdewi86@nih.gov,tdewi86,RbLE9L1
296,Auberta,Clynter,aclynter87@sina.com.cn,aclynter87,KXxcjuxQar
297,Norma,Kayser,nkayser88@ted.com,nkayser88,MtSDoHI4zwG
298,Bogey,Pickhaver,bpickhaver89@census.gov,bpickhaver89,9IGgQuJ
299,Lindy,Managh,lmanagh8a@flickr.com,lmanagh8a,OY4Ytou5GNi
300,Amberly,Passey,apassey8b@omniture.com,apassey8b,hy9kFyq3C4
301,Audrye,Eyles,aeyles8c@shutterfly.com,aeyles8c,sMG2o46BnQ
302,Corny,Britee,cbritee8d@seesaa.net,cbritee8d,mOPgpt7wV95
303,Polly,Baack,pbaack8e@harvard.edu,pbaack8e,FqQ7LqkwgDW
304,Vale,Loosley,vloosley8f@infoseek.co.jp,vloosley8f,waP1YLH
305,Philip,Jimenez,pjimenez8g@vimeo.com,pjimenez8g,ZaWt6C
306,Davidde,Praton,dpraton8h@deliciousdays.com,dpraton8h,QXAKlB2xpEs
307,Faina,Corkel,fcorkel8i@icq.com,fcorkel8i,PMNwFVh
308,Keary,Buckenhill,kbuckenhill8j@gravatar.com,kbuckenhill8j,IcH3PV
309,Tremaine,Valentine,tvalentine8k@sina.com.cn,tvalentine8k,g91FElRlVv
310,Desdemona,Middlemass,dmiddlemass8l@naver.com,dmiddlemass8l,OEK0SlFeeE
311,Lorena,MacAree,lmacaree8m@uiuc.edu,lmacaree8m,n2NhYe
312,Ranique,Marcombe,rmarcombe8n@163.com,rmarcombe8n,pEddoHaog
313,Olva,Dimanche,odimanche8o@zdnet.com,odimanche8o,3KPL5y
314,Georgeta,Halbert,ghalbert8p@blog.com,ghalbert8p,fnWhJM
315,Kenon,Steinhammer,ksteinhammer8q@ucoz.com,ksteinhammer8q,2QI4hu
316,Alessandro,Gress,agress8r@baidu.com,agress8r,309BdW09Pv8x
317,Chrissy,Meriot,cmeriot8s@house.gov,cmeriot8s,7zA3FKk44x0a
318,Ignaz,Birdfield,ibirdfield8t@dyndns.org,ibirdfield8t,eyH8SJSS0w
319,Lorenza,Gollard,lgollard8u@craigslist.org,lgollard8u,xUFDV2wro
320,Law,Brunger,lbrunger8v@is.gd,lbrunger8v,EdkDNztm
321,Emogene,Skillicorn,eskillicorn8w@patch.com,eskillicorn8w,Ny13sGhdzM
322,Noreen,Turton,nturton8x@tripadvisor.com,nturton8x,I9MfsSZkHBs
323,Mill,Devita,mdevita8y@uol.com.br,mdevita8y,5he5KepSzX
324,Annamaria,Margram,amargram8z@apple.com,amargram8z,l6PPJ5x
325,Beltran,Kowalik,bkowalik90@biglobe.ne.jp,bkowalik90,4jYIw74Z7
326,Rebekkah,Cutmare,rcutmare91@opera.com,rcutmare91,pJujzK1h6lg
327,Laurent,Shillaber,lshillaber92@google.com.hk,lshillaber92,EN4AXPgNz
328,Dede,Brownlow,dbrownlow93@github.io,dbrownlow93,TGhJrP3og
329,Umeko,Bisley,ubisley94@umich.edu,ubisley94,ME5fkYXpTUf
330,Jobye,Raynton,jraynton95@whitehouse.gov,jraynton95,xNWMjcT
331,Kellby,Paling,kpaling96@google.com.au,kpaling96,NGnRYdx7ZI9
332,Fran,Harcarse,fharcarse97@cocolog-nifty.com,fharcarse97,vogkQHq
333,Yehudit,Hebson,yhebson98@bloglines.com,yhebson98,MaO2vY
334,Charmane,Furniss,cfurniss99@php.net,cfurniss99,zm7ALNIvZvJ
335,Sabina,Suston,ssuston9a@narod.ru,ssuston9a,ZoNW8F
336,Thorin,Whimper,twhimper9b@taobao.com,twhimper9b,dDyaYa
337,Antone,Aleksashin,aaleksashin9c@sourceforge.net,aaleksashin9c,n9Q41KABjJ2
338,Meriel,Walworche,mwalworche9d@addthis.com,mwalworche9d,tmpMRZYN
339,Shawna,Whiteson,swhiteson9e@qq.com,swhiteson9e,ibqMW2AkuWZR
340,Val,Strutton,vstrutton9f@facebook.com,vstrutton9f,sRAS0LIWZO
341,Kissie,Kagan,kkagan9g@quantcast.com,kkagan9g,j18xLp26jFc
342,Sibel,Elloit,selloit9h@pbs.org,selloit9h,Z3tax7HqDrj
343,Cordi,Dodwell,cdodwell9i@comcast.net,cdodwell9i,4BzA1UB
344,Vinita,Iacovuzzi,viacovuzzi9j@addtoany.com,viacovuzzi9j,gZm75SRJDnUs
345,Zorah,MacGillivray,zmacgillivray9k@go.com,zmacgillivray9k,g5S9tICp
346,Brittaney,Rowles,browles9l@so-net.ne.jp,browles9l,VkrYCwoK
347,Lucinda,Sidsaff,lsidsaff9m@drupal.org,lsidsaff9m,zUi82GJgH
348,Alberta,Raund,araund9n@reference.com,araund9n,jIY3MMnjk
349,Shandeigh,Newburn,snewburn9o@unicef.org,snewburn9o,le83mk87vwhd
350,Steve,Gladbeck,sgladbeck9p@jiathis.com,sgladbeck9p,Uw4kkMPyMO
351,Fitzgerald,Raddan,fraddan9q@jimdo.com,fraddan9q,9XO8Pism
352,Britte,Simpkiss,bsimpkiss9r@cmu.edu,bsimpkiss9r,xj36aB
353,Aldwin,Cristofanini,acristofanini9s@wsj.com,acristofanini9s,nHQ7jVFpEH
354,Filmore,Chestnut,fchestnut9t@tmall.com,fchestnut9t,d1Okk93u
355,Coretta,Human,chuman9u@skype.com,chuman9u,nLyN3Z
356,Emmet,Burdfield,eburdfield9v@cloudflare.com,eburdfield9v,RZwH41jrepW
357,Cornie,Risely,crisely9w@wsj.com,crisely9w,h80oAnRO
358,Stephie,Uzelli,suzelli9x@myspace.com,suzelli9x,wz8p4Zj5L
359,Leann,Toppes,ltoppes9y@usnews.com,ltoppes9y,Me6SrS
360,Cristine,Kubal,ckubal9z@imageshack.us,ckubal9z,KibTEWDIZ
361,Libbie,Clegg,lclegga0@friendfeed.com,lclegga0,t63Igr6aw
362,Magdalen,Denney,mdenneya1@is.gd,mdenneya1,P5unSGy1Z
363,Skylar,Ellsbury,sellsburya2@histats.com,sellsburya2,rd4rAtoy3nZU
364,Matthieu,Vinden,mvindena3@php.net,mvindena3,lqQQ5ew9zyYL
365,Luis,Champ,lchampa4@examiner.com,lchampa4,ARcUSJJ
366,Zonnya,Hallbird,zhallbirda5@alibaba.com,zhallbirda5,E4Wl1P5
367,Gilbertina,Schirak,gschiraka6@newyorker.com,gschiraka6,JBwGFeGmLlyF
368,Violet,Hessel,vhessela7@lulu.com,vhessela7,Mqg6X3
369,El,Lighton,elightona8@nasa.gov,elightona8,cz2oZK19kKM
370,Viviyan,Courvert,vcourverta9@studiopress.com,vcourverta9,hPjyW45Sk
371,Jayson,Rayson,jraysonaa@xinhuanet.com,jraysonaa,h9elnYA7l9G
372,Jandy,Rawll,jrawllab@salon.com,jrawllab,c1cCWxEE
373,Neale,McVane,nmcvaneac@wufoo.com,nmcvaneac,Dh8dXmAf
374,Nicol,Wherry,nwherryad@slashdot.org,nwherryad,LHZKJkwxDP
375,Gan,Shawcroft,gshawcroftae@multiply.com,gshawcroftae,uvPoMiR
376,Loren,Harlett,lharlettaf@indiatimes.com,lharlettaf,Avn85Q1hi
377,Cindie,Dmitrichenko,cdmitrichenkoag@arstechnica.com,cdmitrichenkoag,ZJ7KjnrP
378,Gerry,Tookey,gtookeyah@dailymotion.com,gtookeyah,MhBc9R3tJ3
379,Godfrey,Lautie,glautieai@accuweather.com,glautieai,XvKu8BoZYVkQ
380,Hadley,Skipp,hskippaj@wired.com,hskippaj,mpT9qdIRJOk
381,Morris,Patsall,mpatsallak@e-recht24.de,mpatsallak,N08W8o9X4td
382,Carlynn,Antognozzii,cantognozziial@reference.com,cantognozziial,tFnCb9Yz
383,Diarmid,Pettican,dpetticanam@ezinearticles.com,dpetticanam,OLrcaU7Pk7e
384,Frederick,Asbrey,fasbreyan@nytimes.com,fasbreyan,A8liAux
385,Elfrieda,Doding,edodingao@is.gd,edodingao,e321GhWdF8yR
386,Stearne,Twyford,stwyfordap@vinaora.com,stwyfordap,uwqCfXEHnf
387,Arturo,Rose,aroseaq@nymag.com,aroseaq,cUTO1j5RaF
388,Brandy,Shakshaft,bshakshaftar@infoseek.co.jp,bshakshaftar,0S8eTAYsmmk
389,Kalindi,Tettley,ktettleyas@tuttocitta.it,ktettleyas,6b61XDRN
390,Huey,Scantlebury,hscantleburyat@wikispaces.com,hscantleburyat,nfWu8V
391,Donnie,Kirkam,dkirkamau@pinterest.com,dkirkamau,inxGQ1Oc
392,Ronalda,McIan,rmcianav@hexun.com,rmcianav,K9YexSSBTnn7
393,Eb,Mathewson,emathewsonaw@sbwire.com,emathewsonaw,NodcLWB
394,Vivianne,Madsen,vmadsenax@mashable.com,vmadsenax,GgOYUS
395,Corny,Puxley,cpuxleyay@hatena.ne.jp,cpuxleyay,KTqeQr5rToh9
396,Saudra,Wick,swickaz@ask.com,swickaz,FHjBnqj
397,Karlis,Crebo,kcrebob0@goo.ne.jp,kcrebob0,7clgLdsT6Kd
398,Griff,Brunel,gbrunelb1@blogs.com,gbrunelb1,G9l70Sya
399,Marjorie,Kobierzycki,mkobierzyckib2@cnn.com,mkobierzyckib2,OQ4e5eMOe
400,Jobye,Artindale,jartindaleb3@weibo.com,jartindaleb3,migFqVfpK
401,Lenci,Harses,lharsesb4@washington.edu,lharsesb4,TfetF1Gt
402,Goober,Shekle,gshekleb5@nationalgeographic.com,gshekleb5,pQ1t7H
403,Monah,O'Rodane,morodaneb6@economist.com,morodaneb6,mlcKfMR3f
404,Wanids,Stancliffe,wstancliffeb7@ezinearticles.com,wstancliffeb7,Rkn85Z
405,Inesita,Mollene,imolleneb8@barnesandnoble.com,imolleneb8,vWxxonMr4lS
406,Ollie,Terrill,oterrillb9@disqus.com,oterrillb9,Yfx0RAiP
407,Jaimie,Hendrich,jhendrichba@mashable.com,jhendrichba,6yE8MHBxjJD
408,Allina,Brindle,abrindlebb@blogspot.com,abrindlebb,BcyuM7uqMO
409,Rosemarie,Bearham,rbearhambc@gmpg.org,rbearhambc,BSiL6W7mtEQ
410,Rhonda,Rimmington,rrimmingtonbd@weebly.com,rrimmingtonbd,kJy2VG
411,Fairleigh,Grenkov,fgrenkovbe@creativecommons.org,fgrenkovbe,neiqLxfY
412,Coleen,Lidgett,clidgettbf@bbb.org,clidgettbf,YnRgk5o
413,Hailee,Dory,hdorybg@stumbleupon.com,hdorybg,Z7gZGxJ
414,Germaine,Spreull,gspreullbh@yale.edu,gspreullbh,1c2tI7UHbfb1
415,Othello,Celler,ocellerbi@squarespace.com,ocellerbi,uWt3XjW1
416,Lea,Ferraraccio,lferraracciobj@icq.com,lferraracciobj,OSShrG9
417,Aurie,Chiles,achilesbk@ebay.com,achilesbk,A36vbr
418,Rafaellle,Mattisssen,rmattisssenbl@adobe.com,rmattisssenbl,eAro0Vx
419,Arliene,McVeigh,amcveighbm@ted.com,amcveighbm,PqyhGS6bFk
420,Boone,McKevin,bmckevinbn@eventbrite.com,bmckevinbn,6NiwSX9Gb
421,Evie,Dorsey,edorseybo@xrea.com,edorseybo,0R7rwPg5x
422,Sawyer,Seczyk,sseczykbp@biblegateway.com,sseczykbp,7R5Kfx1s
423,Rafael,Dowda,rdowdabq@unc.edu,rdowdabq,F4GhDLTPRoS
424,Chaunce,Meneyer,cmeneyerbr@smh.com.au,cmeneyerbr,js9l3Eg
425,Selby,Gemeau,sgemeaubs@nifty.com,sgemeaubs,3JC6xAljL
426,Zuzana,Peyton,zpeytonbt@comcast.net,zpeytonbt,alIIILcBB
427,Clywd,Habercham,chaberchambu@businesswire.com,chaberchambu,kwOBlLkgb
428,Sallie,Darrigrand,sdarrigrandbv@salon.com,sdarrigrandbv,24Y1elz
429,Valene,Tarbert,vtarbertbw@amazon.com,vtarbertbw,wEHKfXFZ
430,Georgetta,MacFaell,gmacfaellbx@imdb.com,gmacfaellbx,yw5UYYb
431,Ray,Cowcha,rcowchaby@fastcompany.com,rcowchaby,ZKLNnChu7zxa
432,Abraham,Ivantsov,aivantsovbz@moonfruit.com,aivantsovbz,BwASNiH7UWA
433,Pete,McGiffie,pmcgiffiec0@e-recht24.de,pmcgiffiec0,3YlE57
434,Arabele,Straun,astraunc1@mlb.com,astraunc1,8NTqv62is4F
435,Cassandra,Thirwell,cthirwellc2@dot.gov,cthirwellc2,ig0HjKx1Gv
436,Gaultiero,Stickland,gsticklandc3@cloudflare.com,gsticklandc3,TSwvv0R
437,Odey,Etheridge,oetheridgec4@nba.com,oetheridgec4,TzbfieqIb
438,Milo,Jessel,mjesselc5@fda.gov,mjesselc5,yoADZxlonOO
439,Cindie,Standish-Brooks,cstandishbrooksc6@apple.com,cstandishbrooksc6,XLJSicR4E
440,Philippine,Filippozzi,pfilippozzic7@comsenz.com,pfilippozzic7,P9fLKjkR
441,Elysee,Gledhall,egledhallc8@ask.com,egledhallc8,5LacI0b
442,Malvin,Thieme,mthiemec9@bloglovin.com,mthiemec9,ZuNLeec83x
443,Thoma,Trenfield,ttrenfieldca@nytimes.com,ttrenfieldca,VoA164bV
444,Bailie,Rathmell,brathmellcb@imageshack.us,brathmellcb,nZJhjKSU2K
445,Britteny,Luton,blutoncc@msn.com,blutoncc,bxWimuG
446,Gloriana,Defty,gdeftycd@ifeng.com,gdeftycd,fQVYCTe5s
447,Hunt,Heijnen,hheijnence@google.fr,hheijnence,7q1d8HP
448,Vyky,Pulsford,vpulsfordcf@simplemachines.org,vpulsfordcf,kHHeEz
449,Artur,Shrigley,ashrigleycg@msu.edu,ashrigleycg,CRYNnt8F
450,Isak,Braben,ibrabench@ycombinator.com,ibrabench,2qeExA7qBg
451,Esme,Bosson,ebossonci@wix.com,ebossonci,dQchQlnGVWB
452,Theodora,Klouz,tklouzcj@nytimes.com,tklouzcj,tbQpYzzm1gl
453,Ysabel,Brimmicombe,ybrimmicombeck@noaa.gov,ybrimmicombeck,oSY9xHav8U
454,Geordie,Buxy,gbuxycl@skyrock.com,gbuxycl,l2nUEMgT0i
455,Cooper,Peotz,cpeotzcm@ycombinator.com,cpeotzcm,Ah0pVpKL
456,Chevalier,Camel,ccamelcn@sina.com.cn,ccamelcn,tSv1TmmyHaep
457,Morey,Dobrovolny,mdobrovolnyco@slate.com,mdobrovolnyco,5mxLreNwuVmZ
458,Carline,Dundon,cdundoncp@hibu.com,cdundoncp,VGKDMfmnM
459,Katie,Basham,kbashamcq@cornell.edu,kbashamcq,2NwsDKqII
460,Guy,Tetley,gtetleycr@nydailynews.com,gtetleycr,QGx0SMA
461,Carlye,Spiby,cspibycs@walmart.com,cspibycs,3009Mb
462,Thadeus,Pieterick,tpieterickct@cdbaby.com,tpieterickct,H7SkdEA
463,Drake,McGhee,dmcgheecu@example.com,dmcgheecu,USPGdq
464,Jonell,Foot,jfootcv@thetimes.co.uk,jfootcv,KAOrOBmm
465,Tuckie,Rabbe,trabbecw@dot.gov,trabbecw,aZ3ITsL4Gyc
466,Sandie,Densun,sdensuncx@yandex.ru,sdensuncx,CaloYekkH
467,Myrilla,Work,mworkcy@amazonaws.com,mworkcy,kBn4ZTQwTBtd
468,Winifred,Dragge,wdraggecz@cbc.ca,wdraggecz,EDAfRO
469,Krissie,Kordt,kkordtd0@lycos.com,kkordtd0,QpxW1L
470,Kane,Elliman,kellimand1@netscape.com,kellimand1,wTzmO6c
471,Lewiss,Penticoot,lpenticootd2@domainmarket.com,lpenticootd2,cbkAO4pyxoE
472,Estrella,Pasticznyk,epasticznykd3@ftc.gov,epasticznykd3,x4dTX03KAF62
473,Evangelina,Chevins,echevinsd4@zdnet.com,echevinsd4,OJNAH1
474,Judi,Creevy,jcreevyd5@prweb.com,jcreevyd5,uyQf1kVyc
475,Pauline,Lupton,pluptond6@mit.edu,pluptond6,49kd4J6HFrvH
476,Nertie,De Fries,ndefriesd7@edublogs.org,ndefriesd7,JxUAHjt
477,Milly,Basley,mbasleyd8@over-blog.com,mbasleyd8,dvOoanac
478,Bertina,Rickersy,brickersyd9@zimbio.com,brickersyd9,3QJgLCg6x
479,Demetris,Deschlein,ddeschleinda@aboutads.info,ddeschleinda,XZ27dEE6xuYX
480,Wes,Fardo,wfardodb@scientificamerican.com,wfardodb,4SuBiRFSX
481,Hallsy,Fulop,hfulopdc@about.me,hfulopdc,GhvHbItu1q
482,Celle,Deboo,cdeboodd@gravatar.com,cdeboodd,NjXIgn
483,Morris,Carwithan,mcarwithande@spiegel.de,mcarwithande,9UbQkX
484,Abey,Fosse,afossedf@myspace.com,afossedf,cGziZ9q
485,Josepha,Gerg,jgergdg@bloglines.com,jgergdg,gqPgcSDHm
486,Eugene,Withnall,ewithnalldh@noaa.gov,ewithnalldh,vBG4Zi00xCA
487,Fowler,Faltin,ffaltindi@so-net.ne.jp,ffaltindi,orlt6B134e5F
488,Tulley,Dench,tdenchdj@technorati.com,tdenchdj,gMIVYwKP
489,Sisile,Golland,sgollanddk@princeton.edu,sgollanddk,grQB8cKyZrA
490,Jean,Charrette,jcharrettedl@state.tx.us,jcharrettedl,RN6sZ3
491,Kalil,Chavrin,kchavrindm@ucla.edu,kchavrindm,L6oXSpBNNNs
492,Kurt,Tesauro,ktesaurodn@123-reg.co.uk,ktesaurodn,SX8tFff
493,Selestina,Brereton,sbreretondo@usnews.com,sbreretondo,VfkU58
494,Shell,Dowsey,sdowseydp@elpais.com,sdowseydp,yojH03hp
495,Jon,Baudy,jbaudydq@amazonaws.com,jbaudydq,CzlFgOB
496,Shirlee,Kinglesyd,skinglesyddr@purevolume.com,skinglesyddr,lmu197DMlN
497,Phil,Bech,pbechds@apache.org,pbechds,ykN5an
498,Jackie,Fenn,jfenndt@netlog.com,jfenndt,MVLjb5PnNf
499,Paton,Timmis,ptimmisdu@nydailynews.com,ptimmisdu,99gD75kdHB
500,Sibilla,Read,sreaddv@prnewswire.com,sreaddv,NY7ooo3Srys
